INSERT INTO users (id, name, surname, patronymic, password) VALUES
    (1, 'Ivan', 'Ivanov', 'Ivanovich', '123'),
    (2, 'Petr', 'Petrov', 'Petrovich', '234'),
    (3, 'Sidor', 'Sidorov', 'Sidorovich', '345'),
    (4, 'Alex', 'Alexeev', 'Alexeevich', '456');

INSERT INTO user_role (user_id, role) VALUES
    (1, 'ROLE_ADMIN'),
    (2, 'ROLE_MANAGER'),
    (3, 'ROLE_USER'),
    (4, 'ROLE_USER');

INSERT INTO author (id, name, birth_year) VALUES
    (1, 'Фёдор Достоевский', 1821),
    (2, 'Лев Толстой', 1828),
    (3, 'Антон Чехов', 1860),
    (4, 'Иван Тургенев', 1818),
    (5, 'Максим Горький', 1868),
    (6, 'Борис Пастернак', 1890),
    (7, 'Михаил Булгаков', 1891),
    (8, 'Александр Блок', 1880),
    (9, 'Валентин Распутин', 1937),
    (10, 'Сергей Есенин', 1895),
    (11, 'Рэй Бредбери', 1920),
    (12, 'Курт Воннегут', 1927);

INSERT INTO book (id, title, author_id, publish_year) VALUES
    (1, 'Преступление и наказание', 1, 1866),
    (2, 'Война и мир', 2, 1869),
    (3, 'Человек в футляре', 3, 1898),
    (4, 'Отцы и дети', 4, 1862),
    (5, 'Материнская земля', 5, 1906),
    (6, 'Доктор Живаго', 6, 1957),
    (7, 'Мастер и Маргарита', 7, 1966),
    (8, 'Скорбь в подарок', 8, 1913),
    (9, 'Живи и помни', 9, 1974),
    (10, 'Анна Каренина', 2, 1878),
    (11, '451 градус по Фаренгейту', 11, 1953),
    (12, 'Сирены Титана', 12, 1959);

INSERT INTO genre (id, name) VALUES
    (1, 'Роман'),
    (2, 'Пьеса'),
    (3, 'Новелла'),
    (4, 'Поэзия'),
    (5, 'Научная фантастика'),
    (6, 'Сатира');

INSERT INTO book_genre (book_id, genre_id) VALUES
    (1, 1),
    (2, 1),
    (3, 2),
    (4, 1),
    (5, 1),
    (6, 1),
    (7, 1),
    (8, 4),
    (9, 1),
    (10, 1),
    (11, 5),
    (12, 5);